@@,name
---,Yannakis Gavriel
---,Valentinos Facontis
---,Stavros Papadoures
---,Rita Theodorou
---,Prodromos Alampritis
---,Nikos Tornaritis
---,Nikos Sikas
---,Nikos Kettiros
---,Nikolas Papadopoulos
---,Michalis Yiacoumi
---,Marios Garoyian
---,Marinos Moushiouttas
---,Marina Nicolaou
---,Kyriakos Hadjiyiannis
---,Kostis Efstathiou
---,Kostas Costa
---,Ilias Myrianthous
---,Giorgos Loukaides
---,Giorgos Koukouma
---,Giorgos Karoullas
---,Dimitris Demetriou
---,Christos Christofides
---,Christiana Erotokritou
---,Chrises Pantelides
---,Charalampos Pazaros
---,Andreas Themistocleous
---,Alexandra Attalidou
---,Alekos Trifonides
+++,Yiorgos Loukaides
+++,Yiannakis Gavriel
+++,Valentinos Fakontis
+++,Theodorou Rita Superman
+++,Stavros Papadouris
+++,Prodromos Alambritis
+++,Nikos Sykas
+++,Nicos Tornaritis
+++,Nicos Kettiros
+++,Nicholas Papadopoulos
+++,Michalis Giakoumi
+++,Marios Karoyan
+++,Marinos Moushouttas
+++,Marina Nikolaou
+++,Kyriacos Hadjiyiannis
+++,George Koukoumas
+++,George Karoullas
+++,Elias Myrianthous
+++,Demetris Demetriou
+++,Costas Costa
+++,Constantinos Efstathiou
+++,Christos Christophides
+++,Chrisis Pantelides
+++,Charalambos Pazaros
+++,Andreas Themistokleous
+++,Alexandra Attalides
+++,Alekos Tryfonidis
+++,A. Christiana Erotokritou
